<?xml version="1.0" encoding="UTF-8"?>

<mule xmlns:ee="http://www.mulesoft.org/schema/mule/ee/core" xmlns:db="http://www.mulesoft.org/schema/mule/db"
	xmlns:http="http://www.mulesoft.org/schema/mule/http"
	xmlns="http://www.mulesoft.org/schema/mule/core" xmlns:doc="http://www.mulesoft.org/schema/mule/documentation" xmlns:xsi="http://www.w3.org/2001/XMLSchema-instance" xsi:schemaLocation="http://www.mulesoft.org/schema/mule/core http://www.mulesoft.org/schema/mule/core/current/mule.xsd
http://www.mulesoft.org/schema/mule/http http://www.mulesoft.org/schema/mule/http/current/mule-http.xsd
http://www.mulesoft.org/schema/mule/db http://www.mulesoft.org/schema/mule/db/current/mule-db.xsd
http://www.mulesoft.org/schema/mule/ee/core http://www.mulesoft.org/schema/mule/ee/core/current/mule-ee.xsd">
	<http:listener-config name="HTTP_Listener_config" doc:name="HTTP Listener config" doc:id="4edf398d-8ed7-43cd-87ce-bed37e103e00">
		<http:listener-connection host="0.0.0.0" port="8081" />
	</http:listener-config>
	<db:config name="Database_Config" doc:name="Database Config" doc:id="152136bb-46de-4cea-98db-c0f7f00a5642" >
		<db:my-sql-connection host="rds-mysql-assessment.ckld9drpn0yb.eu-west-1.rds.amazonaws.com" port="3306" user="JohnScanlan" password="JohnS2019" database="airlines_sandbox" />
	</db:config>
	<flow name="getFlightsByDate" doc:id="5ed172a4-15c8-45aa-8862-22d482848a74" >
		<http:listener doc:name="Listener" doc:id="79e3f697-af74-4b86-9078-deaf05579e72" config-ref="HTTP_Listener_config" path="/flights" allowedMethods="GET" />
		<db:select doc:name="Select" doc:id="7ff3166f-d40f-463d-b177-d0a678608f85" config-ref="Database_Config" >
			<db:sql >SELECT * FROM flights_JohnScanlan WHERE DATE(Departure_Date) = DATE(:DEP)</db:sql>
			<db:input-parameters ><![CDATA[#[{'DEP':attributes.queryParams.DEP}]]]></db:input-parameters>
		</db:select>
		<ee:transform doc:name="Transform Message" doc:id="e88ea3b1-8ca7-414c-bac4-308a5d107f49" >
			<ee:message >
				<ee:set-payload ><![CDATA[%dw 2.0
output application/json
---
payload]]></ee:set-payload>
			</ee:message>
		</ee:transform>
	</flow>
	<flow name="getDestinationsByAirline" doc:id="1f5387b0-d447-4970-8182-82c10164da6a" >
		<http:listener doc:name="Listener" doc:id="ca8fa6ec-5392-4ed7-8eab-3dca2e0d3e30" config-ref="HTTP_Listener_config" path="/destinations" allowedMethods="GET" />
		<db:select doc:name="Select" doc:id="4da06199-74ad-4427-a560-277cf6ff03f6" config-ref="Database_Config" >
			<db:sql >SELECT DISTINCT p1.Country, p1.City, p1.Name FROM airports p1 INNER JOIN routes p2 ON p2.destination_airport_id = p1.airport_id WHERE p2.Airline_ID = :ARL ORDER BY country, city</db:sql>
			<db:input-parameters ><![CDATA[#[{'ARL': attributes.queryParams.ARL}]]]></db:input-parameters>
		</db:select>
		<ee:transform doc:name="Transform Message" doc:id="cf8dc398-2602-4550-adfc-4c295a54ee32" >
			<ee:message >
				<ee:set-payload ><![CDATA[%dw 2.0
output application/json
---
payload]]></ee:set-payload>
			</ee:message>
		</ee:transform>
	</flow>
	<flow name="postSeatAvailability" doc:id="e63d857e-4d0c-474c-b066-308cbe2bcd6a" >
		<http:listener doc:name="Listener" doc:id="48c69a30-ee70-4f8c-85bb-62a5b5f9acb2" config-ref="HTTP_Listener_config" path="/seats" allowedMethods="POST" />
		<db:update doc:name="Update" doc:id="3f476067-0ed0-42d0-baa8-f149a2d6b6db" config-ref="Database_Config">
			<db:sql >UPDATE flights_JohnScanlan SET seat_availability = seat_availability - 1 WHERE flight_code = :FLC and DATE(Departure_Date) = DATE(:DEP)</db:sql>
			<db:parameter-types />
			<db:input-parameters ><![CDATA[#[{'FLC': attributes.queryParams.FLC, 'DEP':attributes.queryParams.DEP}]]]></db:input-parameters>
		</db:update>
		<set-payload value="Seat availability updated" doc:name="Set Payload" doc:id="32caf5ef-fbc1-403e-84a7-1d2e8f59975b" />
	</flow>
	<flow name="postNewFlight" doc:id="6ad9c9be-29ec-4b45-bb69-951aaa468eaa" >
		<http:listener doc:name="Listener" doc:id="e5847b4b-3792-492e-9678-20491cedab41" config-ref="HTTP_Listener_config" path="/flights" allowedMethods="POST" />
		<db:insert doc:name="Insert" doc:id="57d165a7-1d55-4573-8545-a3f06b47b72e" config-ref="Database_Config">
			<db:sql >INSERT INTO flights_JohnScanlan (Flight_Code,Airline_Name,Departure_Airport,Destination_Airport,Departure_Date,Aircraft_Type,Seat_Availability,Price) VALUES (:Flight_Code,:Airline_Name,:Departure_Airport,:Destination_Airport,:Departure_Date,:Aircraft_Type,:Seat_Availability,:Price)</db:sql>
			<db:input-parameters ><![CDATA[#[{'Flight_Code': payload.Flight_Code, 'Airline_Name': payload.Airline_Name, 'Departure_Airport': payload.Departure_Airport, 'Destination_Airport': payload.Destination_Airport, 'Departure_Date': payload.Departure_Date, 'Aircraft_Type': payload.Aircraft_Type, 'Seat_Availability': payload.Seat_Availability, 'Price': payload.Price}]]]></db:input-parameters>
		</db:insert>
		<set-payload value="New flight added" doc:name="Set Payload" doc:id="4f88764b-5c3e-4008-a3f0-f5dab68cbafa" />
	</flow>
	<flow name="postPriceChange" doc:id="03def0e1-19e3-4a9c-8a2e-53bb8c96f57d" >
		<http:listener doc:name="Listener" doc:id="e3a6b759-9438-4964-8e9c-1a3e1bdea283" config-ref="HTTP_Listener_config" path="/prices" allowedMethods="POST" />
		<db:update doc:name="Update" doc:id="3c5f86b5-0c9a-4074-b810-4b713c024d94" config-ref="Database_Config" >
			<db:sql >UPDATE flights_JohnScanlan SET Price =  :Price WHERE Flight_Code = :Flight_Code and Departure_Date = :Departure_Date</db:sql>
			<db:parameter-types />
			<db:input-parameters ><![CDATA[#[{'Flight_Code': payload.Flight_Code, 'Departure_Date': payload.Departure_Date, 'Price': payload.Price}]]]></db:input-parameters>
		</db:update>
		<set-payload value="Price updated" doc:name="Set Payload" doc:id="02a1a155-8a85-4e0c-a6f6-0ffc5bdb37d9" />
	</flow>
</mule>
